{
    "PELVIS": {
        "rotation": {
            "w": 1.0,
            "x": 0.0,
            "y": 0.0,
            "z": 0.0
        }
    },
    "SPINE": {
        "rotation": {
            "w": 1.0,
            "x": 0.0,
            "y": 0.0,
            "z": 0.0
        }
    },
    "HEAD": {
        "rotation": {
            "w": 0.9940349459648132,
            "x": 0.0,
            "y": 0.0,
            "z": -0.10906217992305756
        }
    },
    "ARM_BASE_L": {
        "rotation": {
            "w": 1.0,
            "x": 0.0,
            "y": 0.0,
            "z": 0.0
        }
    },
    "ARM1_L": {
        "rotation": {
            "w": 0.6290431618690491,
            "x": 0.36620426177978516,
            "y": 0.5311095714569092,
            "z": -0.4337303340435028
        }
    },
    "ARM2_L": {
        "rotation": {
            "w": 0.9977635741233826,
            "x": 1.8668204759819673e-09,
            "y": 0.0,
            "z": 0.06684189289808273
        }
    },
    "HAND_L": {
        "rotation": {
            "w": 1.0,
            "x": 0.0,
            "y": 0.0,
            "z": 0.0
        }
    },
    "ARM_BASE_R": {
        "rotation": {
            "w": 1.0,
            "x": 0.0,
            "y": 0.0,
            "z": 0.0
        }
    },
    "ARM1_R": {
        "rotation": {
            "w": 0.992280125617981,
            "x": 1.6126895334417487e-15,
            "y": -1.07032438467769e-14,
            "z": -0.12401756644248962
        }
    },
    "ARM2_R": {
        "rotation": {
            "w": 0.9850172400474548,
            "x": -0.00919477827847004,
            "y": -0.16300056874752045,
            "z": -0.055564384907484055
        }
    },
    "HAND_R": {
        "rotation": {
            "w": 1.0,
            "x": 0.0,
            "y": 0.0,
            "z": 0.0
        }
    },
    "LEG_BASE_L": {
        "rotation": {
            "w": 1.0,
            "x": 0.0,
            "y": 0.0,
            "z": 0.0
        }
    },
    "LEG1_L": {
        "rotation": {
            "w": 0.9897659420967102,
            "x": 0.0,
            "y": 0.14270015060901642,
            "z": 2.8688629249984388e-09
        }
    },
    "LEG2_L": {
        "rotation": {
            "w": 1.0,
            "x": 0.0,
            "y": 0.0,
            "z": 0.0
        }
    },
    "FOOT_L": {
        "rotation": {
            "w": 1.0,
            "x": 0.0,
            "y": 0.0,
            "z": 0.0
        }
    },
    "LEG_BASE_R": {
        "rotation": {
            "w": 1.0,
            "x": 0.0,
            "y": 0.0,
            "z": 0.0
        }
    },
    "LEG1_R": {
        "rotation": {
            "w": 1.0,
            "x": 0.0,
            "y": 0.0,
            "z": 0.0
        }
    },
    "LEG2_R": {
        "rotation": {
            "w": 1.0,
            "x": 0.0,
            "y": 0.0,
            "z": 0.0
        }
    },
    "FOOT_R": {
        "rotation": {
            "w": 1.0,
            "x": 0.0,
            "y": 0.0,
            "z": 0.0
        }
    }
}