{
    "PELVIS": {
        "rotation": {
            "w": 1.0,
            "x": 0.0,
            "y": 0.0,
            "z": 0.0
        }
    },
    "SPINE": {
        "rotation": {
            "w": 1.0,
            "x": 0.0,
            "y": 0.0,
            "z": 0.0
        }
    },
    "HEAD": {
        "rotation": {
            "w": 1.0,
            "x": 0.0,
            "y": 0.0,
            "z": 0.0
        }
    },
    "ARM_BASE_L": {
        "rotation": {
            "w": 1.0,
            "x": 0.0,
            "y": 0.0,
            "z": 0.0
        }
    },
    "ARM1_L": {
        "rotation": {
            "w": 0.946577250957489,
            "x": 4.574238801320976e-15,
            "y": 4.9261030638739906e-15,
            "z": 0.32247716188430786
        }
    },
    "ARM2_L": {
        "rotation": {
            "w": 0.9977635741233826,
            "x": 1.8668204759819673e-09,
            "y": 0.0,
            "z": 0.06684189289808273
        }
    },
    "HAND_L": {
        "rotation": {
            "w": 1.0,
            "x": 0.0,
            "y": 0.0,
            "z": 0.0
        }
    },
    "ARM_BASE_R": {
        "rotation": {
            "w": 1.0,
            "x": 0.0,
            "y": 0.0,
            "z": 0.0
        }
    },
    "ARM1_R": {
        "rotation": {
            "w": 0.9487733840942383,
            "x": 4.203568289756548e-15,
            "y": -6.571028765464107e-15,
            "z": -0.3159574866294861
        }
    },
    "ARM2_R": {
        "rotation": {
            "w": 0.9984127879142761,
            "x": -9.32803279063421e-10,
            "y": 0.0,
            "z": -0.056320030242204666
        }
    },
    "HAND_R": {
        "rotation": {
            "w": 1.0,
            "x": 0.0,
            "y": 0.0,
            "z": 0.0
        }
    },
    "LEG_BASE_L": {
        "rotation": {
            "w": 1.0,
            "x": 0.0,
            "y": 0.0,
            "z": 0.0
        }
    },
    "LEG1_L": {
        "rotation": {
            "w": 0.9897659420967102,
            "x": 0.0,
            "y": 0.14270015060901642,
            "z": 2.8688629249984388e-09
        }
    },
    "LEG2_L": {
        "rotation": {
            "w": 1.0,
            "x": 0.0,
            "y": 0.0,
            "z": 0.0
        }
    },
    "FOOT_L": {
        "rotation": {
            "w": 1.0,
            "x": 0.0,
            "y": 0.0,
            "z": 0.0
        }
    },
    "LEG_BASE_R": {
        "rotation": {
            "w": 1.0,
            "x": 0.0,
            "y": 0.0,
            "z": 0.0
        }
    },
    "LEG1_R": {
        "rotation": {
            "w": 1.0,
            "x": 0.0,
            "y": 0.0,
            "z": 0.0
        }
    },
    "LEG2_R": {
        "rotation": {
            "w": 1.0,
            "x": 0.0,
            "y": 0.0,
            "z": 0.0
        }
    },
    "FOOT_R": {
        "rotation": {
            "w": 1.0,
            "x": 0.0,
            "y": 0.0,
            "z": 0.0
        }
    }
}