{
    "PELVIS": {
        "rotation": {
            "w": 1.0,
            "x": 0.0,
            "y": 0.0,
            "z": 0.0
        }
    },
    "SPINE": {
        "rotation": {
            "w": 1.0,
            "x": 0.0,
            "y": 0.0,
            "z": 0.0
        }
    },
    "HEAD": {
        "rotation": {
            "w": 1.0,
            "x": 0.0,
            "y": 0.0,
            "z": 0.0
        }
    },
    "ARM_BASE_L": {
        "rotation": {
            "w": 1.0,
            "x": 0.0,
            "y": 0.0,
            "z": 0.0
        }
    },
    "ARM1_L": {
        "rotation": {
            "w": 0.8717954158782959,
            "x": -0.3843696713447571,
            "y": -0.12251925468444824,
            "z": 0.2778877913951874
        }
    },
    "ARM2_L": {
        "rotation": {
            "w": 0.9925932884216309,
            "x": 0.06708845496177673,
            "y": 0.0068298750557005405,
            "z": 0.10104997456073761
        }
    },
    "HAND_L": {
        "rotation": {
            "w": 1.0,
            "x": 0.0,
            "y": 0.0,
            "z": 0.0
        }
    },
    "ARM_BASE_R": {
        "rotation": {
            "w": 1.0,
            "x": 0.0,
            "y": 0.0,
            "z": 0.0
        }
    },
    "ARM1_R": {
        "rotation": {
            "w": 0.8918042778968811,
            "x": 0.3251415193080902,
            "y": -0.10775820910930634,
            "z": -0.29556116461753845
        }
    },
    "ARM2_R": {
        "rotation": {
            "w": 0.9337393641471863,
            "x": 0.3458791971206665,
            "y": -0.03202192485332489,
            "z": -0.08644674718379974
        }
    },
    "HAND_R": {
        "rotation": {
            "w": 1.0,
            "x": 0.0,
            "y": 0.0,
            "z": 0.0
        }
    },
    "LEG_BASE_L": {
        "rotation": {
            "w": 1.0,
            "x": 0.0,
            "y": 0.0,
            "z": 0.0
        }
    },
    "LEG1_L": {
        "rotation": {
            "w": 0.8618648648262024,
            "x": -2.5934161484997276e-08,
            "y": -2.424306533299614e-09,
            "z": -0.5071380138397217
        }
    },
    "LEG2_L": {
        "rotation": {
            "w": 1.0,
            "x": 0.0,
            "y": 0.0,
            "z": 0.0
        }
    },
    "FOOT_L": {
        "rotation": {
            "w": 1.0,
            "x": 0.0,
            "y": 0.0,
            "z": 0.0
        }
    },
    "LEG_BASE_R": {
        "rotation": {
            "w": 1.0,
            "x": 0.0,
            "y": 0.0,
            "z": 0.0
        }
    },
    "LEG1_R": {
        "rotation": {
            "w": 0.9258926510810852,
            "x": 1.106451019694532e-08,
            "y": 1.3572630130909147e-08,
            "z": -0.3777868151664734
        }
    },
    "LEG2_R": {
        "rotation": {
            "w": 1.0,
            "x": 0.0,
            "y": 0.0,
            "z": 0.0
        }
    },
    "FOOT_R": {
        "rotation": {
            "w": 1.0,
            "x": 0.0,
            "y": 0.0,
            "z": 0.0
        }
    }
}